{"Host": "sagemaker", "Model Id": "TheBloke/Llama-2-70B-GPTQ", "Instance": "ml.g5.48xlarge", "Tensor parallelism degree": 8, "quantization": "gptq", "generated_tokens per request": 50, "Do Sample": true, "Number of requests": 56, "Virtual Users": 5, "Thorughput (tokens/second)": 30.51629574757068, "Latency (ms/token) avg": 262.0008263214286, "Latency (ms/token) min": 97.981905, "Latency (ms/token) med": 151.516079, "Latency (ms/token) max": 3764.56025, "Latency (ms/token) p(90)": 251.8815385, "Latency (ms/token) p(95)": 493.69637650000004, "Latency Request ms p(90)": 11718.310698, "Latency Request ms p(95)": 18525.324386499997, "Latency Request ms avg": 8192.344250035714, "Latency Request ms min": 1743.8446059999999, "Latency Request ms med": 7272.1684795, "Latency Request ms max": 18549.685586, "Latency Infernece ms med": 7085.9543345, "Latency Infernece ms max": 18549.27705, "Latency Infernece ms p(90)": 10137.0727, "Latency Infernece ms p(95)": 12594.07419875, "Latency Infernece ms avg": 7517.853070821428, "Latency Infernece ms min": 1723.657766, "Queue time ms med": 30.0525415, "Queue time ms max": 5946.570074, "Queue time ms p(90)": 2215.9110689999998, "Queue time ms p(95)": 5930.7327335, "Queue time ms avg": 673.5984833392857, "Queue time ms min": 0.085313}