{"Host": "sagemaker", "Model Id": "meta-llama/Llama-2-70b-hf", "Instance": "ml.g5.48xlarge", "Tensor parallelism degree": 8, "quantization": "none", "generated_tokens per request": 50, "Do Sample": true, "Number of requests": 61, "Virtual Users": 5, "Thorughput (tokens/second)": 38.49123609506727, "Latency (ms/token) avg": 173.05739647540983, "Latency (ms/token) min": 53.349928, "Latency (ms/token) med": 138.248713, "Latency (ms/token) max": 1569.912386, "Latency (ms/token) p(90)": 196.652966, "Latency (ms/token) p(95)": 209.17268, "Latency Request ms p(90)": 8636.695653, "Latency Request ms p(95)": 10487.248468, "Latency Request ms avg": 6494.984972229509, "Latency Request ms min": 1588.774264, "Latency Request ms med": 6758.461066, "Latency Request ms max": 10542.721602, "Latency Infernece ms med": 6727.936428999999, "Latency Infernece ms max": 10458.846816, "Latency Infernece ms p(90)": 8597.080737, "Latency Infernece ms p(95)": 9901.689289, "Latency Infernece ms avg": 6410.852573540984, "Latency Infernece ms min": 1569.912386, "Queue time ms med": 33.652273, "Queue time ms max": 1058.127628, "Queue time ms p(90)": 194.341694, "Queue time ms p(95)": 208.909137, "Queue time ms avg": 83.16560921311473, "Queue time ms min": 0.030822}