{"Host": "sagemaker", "Model Id": "TheBloke/Llama-2-70B-GPTQ", "Instance": "ml.g5.12xlarge", "Tensor parallelism degree": 4, "quantization": "gptq", "generated_tokens per request": 50, "Do Sample": true, "Number of requests": 74, "Virtual Users": 10, "Thorughput (tokens/second)": 40.265952980745126, "Latency (ms/token) avg": 347.18945966216216, "Latency (ms/token) min": 149.492427, "Latency (ms/token) med": 223.4119885, "Latency (ms/token) max": 2880.547367, "Latency (ms/token) p(90)": 333.72706500000004, "Latency (ms/token) p(95)": 736.5148544999942, "Latency Request ms p(90)": 18769.1719807, "Latency Request ms p(95)": 18770.03161155, "Latency Request ms avg": 12417.43862958108, "Latency Request ms min": 2882.9633949999998, "Latency Request ms med": 12549.161583000001, "Latency Request ms max": 18787.982676, "Latency Infernece ms med": 11032.724621000001, "Latency Infernece ms max": 18787.503103, "Latency Infernece ms p(90)": 16431.377196, "Latency Infernece ms p(95)": 16686.343657200003, "Latency Infernece ms avg": 11462.076813472973, "Latency Infernece ms min": 2813.0132240000003, "Queue time ms med": 58.885600499999995, "Queue time ms max": 5111.206071, "Queue time ms p(90)": 5096.6641454, "Queue time ms p(95)": 5097.22855025, "Queue time ms avg": 954.4369197027027, "Queue time ms min": 0.050183}