{"Host": "sagemaker", "Model Id": "TheBloke/Llama-2-13B-GPTQ", "Instance": "ml.g5.12xlarge", "Tensor parallelism degree": 4, "quantization": "gptq", "generated_tokens per request": 50, "Do Sample": true, "Number of requests": 173, "Virtual Users": 5, "Thorughput (tokens/second)": 98.32495188733222, "Latency (ms/token) avg": 50.291357947976884, "Latency (ms/token) min": 27.115566, "Latency (ms/token) med": 39.094398, "Latency (ms/token) max": 446.808238, "Latency (ms/token) p(90)": 66.77858900000004, "Latency (ms/token) p(95)": 95.36137420000013, "Latency Request ms p(90)": 4070.3062924000005, "Latency Request ms p(95)": 6739.2580042, "Latency Request ms avg": 2542.5895990924855, "Latency Request ms min": 106.885499, "Latency Request ms med": 2062.126699, "Latency Request ms max": 8387.461678, "Latency Infernece ms med": 1842.308694, "Latency Infernece ms max": 8386.639516000001, "Latency Infernece ms p(90)": 3050.75918, "Latency Infernece ms p(95)": 3373.04344, "Latency Infernece ms avg": 2024.7423265664738, "Latency Infernece ms min": 100.730605, "Queue time ms med": 31.701107, "Queue time ms max": 5334.2529890000005, "Queue time ms p(90)": 2074.2051188, "Queue time ms p(95)": 2329.9467668, "Queue time ms avg": 516.9214593236994, "Queue time ms min": 0.04259}