{
  "Host": "sagemaker",
  "Model Id": "TheBloke/Llama-2-13B-GPTQ",
  "Instance": "ml.g5.12xlarge",
  "Tensor parallelism degree": 4,
  "quantization": "gptq",
  "generated_tokens per request": 50,
  "Do Sample": true,
  "Number of requests": 349,
  "Virtual Users": 20,
  "Thorughput (tokens/second)": 204.19058531369086,
  "Latency (ms/token) avg": 106.33981421776504,
  "Latency (ms/token) min": 36.810198,
  "Latency (ms/token) med": 86.66449,
  "Latency (ms/token) max": 1903.799239,
  "Latency (ms/token) p(90)": 120.4817972,
  "Latency (ms/token) p(95)": 192.0944596,
  "Latency Request ms p(90)": 6613.716245399998,
  "Latency Request ms p(95)": 15029.1062542,
  "Latency Request ms avg": 4897.385442446991,
  "Latency Request ms min": 631.927236,
  "Latency Request ms med": 4387.821465,
  "Latency Request ms max": 15076.736917,
  "Latency Infernece ms med": 3956.7799099999997,
  "Latency Infernece ms max": 15076.261461,
  "Latency Infernece ms p(90)": 5724.7890008,
  "Latency Infernece ms p(95)": 9604.273436,
  "Latency Infernece ms avg": 4309.655139255015,
  "Latency Infernece ms min": 503.878037,
  "Queue time ms med": 167.80576,
  "Queue time ms max": 5440.966947,
  "Queue time ms p(90)": 2056.6562679999997,
  "Queue time ms p(95)": 5423.7496438,
  "Queue time ms avg": 586.6237736962751,
  "Queue time ms min": 0.062961
}