{"Host": "sagemaker", "Model Id": "TheBloke/Llama-2-7B-GPTQ", "Instance": "ml.g5.2xlarge", "Tensor parallelism degree": 1, "quantization": "gptq", "generated_tokens per request": 50, "Do Sample": true, "Number of requests": 422, "Virtual Users": 20, "Thorughput (tokens/second)": 234.41538844711442, "Latency (ms/token) avg": 77.3291551943128, "Latency (ms/token) min": 45.964309, "Latency (ms/token) med": 73.13261800000001, "Latency (ms/token) max": 465.548581, "Latency (ms/token) p(90)": 82.1293899, "Latency (ms/token) p(95)": 154.33629425, "Latency Request ms p(90)": 4861.247364200015, "Latency Request ms p(95)": 5778.622728050001, "Latency Request ms avg": 4265.931544104265, "Latency Request ms min": 651.139654, "Latency Request ms med": 3928.235581, "Latency Request ms max": 11823.655056, "Latency Infernece ms med": 3656.4347264999997, "Latency Infernece ms max": 11823.308621, "Latency Infernece ms p(90)": 4106.3457849999995, "Latency Infernece ms p(95)": 4178.55680445, "Latency Infernece ms avg": 3759.0872146113747, "Latency Infernece ms min": 392.946732, "Queue time ms med": 269.9204915, "Queue time ms max": 4099.2588989999995, "Queue time ms p(90)": 755.3035028000002, "Queue time ms p(95)": 1859.6258079, "Queue time ms avg": 505.4032517109005, "Queue time ms min": 0.05943}