{"Host": "sagemaker", "Model Id": "meta-llama/Llama-2-13b-hf", "Instance": "ml.p4d.24xlarge", "Tensor parallelism degree": 8, "quantization": "none", "generated_tokens per request": 50, "Do Sample": true, "Number of requests": 940, "Virtual Users": 20, "Thorughput (tokens/second)": 668.0204881196697, "Latency (ms/token) avg": 31.11247196170213, "Latency (ms/token) min": 23.62184, "Latency (ms/token) med": 28.6123515, "Latency (ms/token) max": 365.433241, "Latency (ms/token) p(90)": 34.5290929, "Latency (ms/token) p(95)": 39.160535949999996, "Latency Request ms p(90)": 1765.0894832000001, "Latency Request ms p(95)": 1879.5488736, "Latency Request ms avg": 1496.9600750042555, "Latency Request ms min": 90.998348, "Latency Request ms med": 1535.664905, "Latency Request ms max": 2422.22032, "Latency Infernece ms med": 1404.8091675, "Latency Infernece ms max": 1958.096647, "Latency Infernece ms p(90)": 1607.1483447, "Latency Infernece ms p(95)": 1726.3516086500001, "Latency Infernece ms avg": 1365.3275313372342, "Latency Infernece ms min": 39.948272, "Queue time ms med": 112.779709, "Queue time ms max": 1193.182701, "Queue time ms p(90)": 159.30050690000002, "Queue time ms p(95)": 380.95558435, "Queue time ms avg": 130.5474138531915, "Queue time ms min": 0.041347999999999996}