{"Host": "sagemaker", "Model Id": "meta-llama/Llama-2-70b-hf", "Instance": "ml.p4d.24xlarge", "Tensor parallelism degree": 8, "quantization": "none", "generated_tokens per request": 50, "Do Sample": true, "Number of requests": 179, "Virtual Users": 5, "Thorughput (tokens/second)": 102.07048976426545, "Latency (ms/token) avg": 51.16691603910615, "Latency (ms/token) min": 43.416015, "Latency (ms/token) med": 49.287289, "Latency (ms/token) max": 101.211817, "Latency (ms/token) p(90)": 55.5998866, "Latency (ms/token) p(95)": 65.1113232, "Latency Request ms p(90)": 2947.4720540000003, "Latency Request ms p(95)": 3083.2050048999995, "Latency Request ms avg": 2449.2877478826817, "Latency Request ms min": 72.610592, "Latency Request ms med": 2585.273157, "Latency Request ms max": 3555.37693, "Latency Infernece ms med": 2400.340961, "Latency Infernece ms max": 2895.636149, "Latency Infernece ms p(90)": 2646.6277312, "Latency Infernece ms p(95)": 2762.5556475, "Latency Infernece ms avg": 2284.652877340782, "Latency Infernece ms min": 65.066863, "Queue time ms med": 37.220218, "Queue time ms max": 885.446598, "Queue time ms p(90)": 315.76520140000054, "Queue time ms p(95)": 733.7266709999999, "Queue time ms avg": 163.74046960893855, "Queue time ms min": 0.028949000000000003}