{"Host": "sagemaker", "Model Id": "TheBloke/Llama-2-70B-GPTQ", "Instance": "ml.g5.48xlarge", "Tensor parallelism degree": 8, "quantization": "gptq", "generated_tokens per request": 50, "Do Sample": true, "Number of requests": 77, "Virtual Users": 20, "Thorughput (tokens/second)": 40.23324692273789, "Latency (ms/token) avg": 717.4545103376622, "Latency (ms/token) min": 158.95156, "Latency (ms/token) med": 458.318432, "Latency (ms/token) max": 6475.55618, "Latency (ms/token) p(90)": 511.06215400000013, "Latency (ms/token) p(95)": 3190.2589100000046, "Latency Request ms p(90)": 30021.9289098, "Latency Request ms p(95)": 30025.829101, "Latency Request ms avg": 24855.065809636362, "Latency Request ms min": 9139.686387, "Latency Request ms med": 24780.543141, "Latency Request ms max": 42073.883649, "Latency Infernece ms med": 21675.546123, "Latency Infernece ms max": 29917.864419, "Latency Infernece ms p(90)": 24936.971031999998, "Latency Infernece ms p(95)": 24937.4556016, "Latency Infernece ms avg": 21184.580659792206, "Latency Infernece ms min": 5705.102124999999, "Queue time ms med": 1946.152179, "Queue time ms max": 18940.096398, "Queue time ms p(90)": 6080.227008, "Queue time ms p(95)": 12596.355244000022, "Queue time ms avg": 3669.408735090909, "Queue time ms min": 0.05279}