{
  "Host": "sagemaker",
  "Model Id": "meta-llama/Llama-2-70b-hf",
  "Instance": "ml.g5.48xlarge",
  "Tensor parallelism degree": 8,
  "quantization": "none",
  "generated_tokens per request": 50,
  "Do Sample": true,
  "Number of requests": 29,
  "Virtual Users": 1,
  "Thorughput (tokens/second)": 17.00495093139515,
  "Latency (ms/token) avg": 105.31456813793105,
  "Latency (ms/token) min": 50.408224,
  "Latency (ms/token) med": 52.512794,
  "Latency (ms/token) max": 1331.379969,
  "Latency (ms/token) p(90)": 82.0919442,
  "Latency (ms/token) p(95)": 91.41556859999997,
  "Latency Request ms p(90)": 3991.1644466000002,
  "Latency Request ms p(95)": 4064.7574680000002,
  "Latency Request ms avg": 2940.320157448276,
  "Latency Request ms min": 1332.7457220000001,
  "Latency Request ms med": 2614.378705,
  "Latency Request ms max": 4171.866731,
  "Latency Infernece ms med": 2612.5278829999997,
  "Latency Infernece ms max": 4169.924298,
  "Latency Infernece ms p(90)": 3989.4228583999998,
  "Latency Infernece ms p(95)": 4062.8463134,
  "Latency Infernece ms avg": 2939.4144576206895,
  "Latency Infernece ms min": 1331.379969,
  "Queue time ms med": 0.044031,
  "Queue time ms max": 0.089271,
  "Queue time ms p(90)": 0.072359,
  "Queue time ms p(95)": 0.08442159999999999,
  "Queue time ms avg": 0.04618048275862069,
  "Queue time ms min": 0.025201
}