{"Host": "sagemaker", "Model Id": "meta-llama/Llama-2-70b-hf", "Instance": "ml.p4d.24xlarge", "Tensor parallelism degree": 8, "quantization": "none", "generated_tokens per request": 50, "Do Sample": true, "Number of requests": 331, "Virtual Users": 10, "Thorughput (tokens/second)": 186.13256404614782, "Latency (ms/token) avg": 61.395350244712986, "Latency (ms/token) min": 46.290408, "Latency (ms/token) med": 52.822532, "Latency (ms/token) max": 587.951082, "Latency (ms/token) p(90)": 65.975632, "Latency (ms/token) p(95)": 76.66797, "Latency Request ms p(90)": 3330.458057, "Latency Request ms p(95)": 3444.935183, "Latency Request ms avg": 2686.257520613293, "Latency Request ms min": 105.500568, "Latency Request ms med": 2805.21227, "Latency Request ms max": 3943.31742, "Latency Infernece ms med": 2614.054087, "Latency Infernece ms max": 3466.941084, "Latency Infernece ms p(90)": 2929.435986, "Latency Infernece ms p(95)": 3298.7452519999997, "Latency Infernece ms avg": 2513.6428271903324, "Latency Infernece ms min": 89.775376, "Queue time ms med": 51.927356, "Queue time ms max": 991.906066, "Queue time ms p(90)": 314.218479, "Queue time ms p(95)": 666.107398, "Queue time ms avg": 171.63076954380665, "Queue time ms min": 0.057274}