{
  "Host": "sagemaker",
  "Model Id": "meta-llama/Llama-2-70b-hf",
  "Instance": "ml.p4d.24xlarge",
  "Tensor parallelism degree": 8,
  "quantization": "none",
  "generated_tokens per request": 50,
  "Do Sample": true,
  "Number of requests": 540,
  "Virtual Users": 20,
  "Thorughput (tokens/second)": 321.536915821207,
  "Latency (ms/token) avg": 87.74883009444444,
  "Latency (ms/token) min": 45.081199,
  "Latency (ms/token) med": 59.798591,
  "Latency (ms/token) max": 1663.425428,
  "Latency (ms/token) p(90)": 82.6858265,
  "Latency (ms/token) p(95)": 140.0391770999996,
  "Latency Request ms p(90)": 4005.7762814000002,
  "Latency Request ms p(95)": 4317.26172835,
  "Latency Request ms avg": 3110.0627977537033,
  "Latency Request ms min": 54.437705,
  "Latency Request ms med": 3105.0073574999997,
  "Latency Request ms max": 5701.466906000001,
  "Latency Infernece ms med": 2945.512993,
  "Latency Infernece ms max": 4262.622127000001,
  "Latency Infernece ms p(90)": 3938.568825800001,
  "Latency Infernece ms p(95)": 4025.60545815,
  "Latency Infernece ms avg": 2913.104269325926,
  "Latency Infernece ms min": 45.081199,
  "Queue time ms med": 28.4752015,
  "Queue time ms max": 2145.90231,
  "Queue time ms p(90)": 570.3001281000003,
  "Queue time ms p(95)": 766.3996485999999,
  "Queue time ms avg": 195.89527989814817,
  "Queue time ms min": 0.05311
}