{
  "Host": "sagemaker",
  "Model Id": "meta-llama/Llama-2-7b-hf",
  "Instance": "ml.g5.12xlarge",
  "Tensor parallelism degree": 1,
  "quantization": "none",
  "generated_tokens per request": 50,
  "Do Sample": true,
  "Number of requests": 295,
  "Virtual Users": 10,
  "Thorughput (tokens/second)": 172.31450317301253,
  "Latency (ms/token) avg": 63.03485919661018,
  "Latency (ms/token) min": 38.438827,
  "Latency (ms/token) med": 55.792396,
  "Latency (ms/token) max": 636.368557,
  "Latency (ms/token) p(90)": 79.019773,
  "Latency (ms/token) p(95)": 88.00433590000007,
  "Latency Request ms p(90)": 3817.9944852,
  "Latency Request ms p(95)": 4213.1775273,
  "Latency Request ms avg": 2901.6710189389833,
  "Latency Request ms min": 89.600396,
  "Latency Request ms med": 2888.575566,
  "Latency Request ms max": 5753.643507,
  "Latency Infernece ms med": 2700.721307,
  "Latency Infernece ms max": 4620.074241,
  "Latency Infernece ms p(90)": 3564.7688532000006,
  "Latency Infernece ms p(95)": 3951.086425,
  "Latency Infernece ms avg": 2700.5280211525424,
  "Latency Infernece ms min": 80.378131,
  "Queue time ms med": 163.15049,
  "Queue time ms max": 1619.706872,
  "Queue time ms p(90)": 498.0208224000002,
  "Queue time ms p(95)": 726.3386242000001,
  "Queue time ms avg": 200.31515159999998,
  "Queue time ms min": 0.034571
}