{
  "Host": "sagemaker",
  "Model Id": "meta-llama/Llama-2-7b-hf",
  "Instance": "ml.g5.12xlarge",
  "Tensor parallelism degree": 2,
  "quantization": "none",
  "generated_tokens per request": 50,
  "Do Sample": true,
  "Number of requests": 268,
  "Virtual Users": 5,
  "Thorughput (tokens/second)": 158.7582760947577,
  "Latency (ms/token) avg": 33.21780298880597,
  "Latency (ms/token) min": 21.306985,
  "Latency (ms/token) med": 30.3730305,
  "Latency (ms/token) max": 201.04355,
  "Latency (ms/token) p(90)": 38.525938000000004,
  "Latency (ms/token) p(95)": 43.37175595,
  "Latency Request ms p(90)": 2032.779095,
  "Latency Request ms p(95)": 2215.201317449999,
  "Latency Request ms avg": 1574.7210548619403,
  "Latency Request ms min": 165.255069,
  "Latency Request ms med": 1552.133911,
  "Latency Request ms max": 2573.938695,
  "Latency Infernece ms med": 1475.0101344999998,
  "Latency Infernece ms max": 2398.686833,
  "Latency Infernece ms p(90)": 1862.9715219,
  "Latency Infernece ms p(95)": 1948.99832715,
  "Latency Infernece ms avg": 1445.7539342089553,
  "Latency Infernece ms min": 90.797162,
  "Queue time ms med": 83.50530850000001,
  "Queue time ms max": 714.751989,
  "Queue time ms p(90)": 368.80506010000005,
  "Queue time ms p(95)": 489.08209929999987,
  "Queue time ms avg": 128.16398279850748,
  "Queue time ms min": 0.055101
}