{
  "Host": "sagemaker",
  "Model Id": "meta-llama/Llama-2-7b-hf",
  "Instance": "ml.p4d.24xlarge",
  "Tensor parallelism degree": 1,
  "quantization": "none",
  "generated_tokens per request": 50,
  "Do Sample": true,
  "Number of requests": 105,
  "Virtual Users": 1,
  "Thorughput (tokens/second)": 72.04640947309268,
  "Latency (ms/token) avg": 15.454971647619047,
  "Latency (ms/token) min": 13.439868,
  "Latency (ms/token) med": 14.392445,
  "Latency (ms/token) max": 60.323361,
  "Latency (ms/token) p(90)": 16.3310878,
  "Latency (ms/token) p(95)": 16.8195522,
  "Latency Request ms p(90)": 797.5588798,
  "Latency Request ms p(95)": 820.1781334,
  "Latency Request ms avg": 693.997110552381,
  "Latency Request ms min": 45.622309,
  "Latency Request ms med": 706.232044,
  "Latency Request ms max": 857.725525,
  "Latency Infernece ms med": 705.911922,
  "Latency Infernece ms max": 854.114955,
  "Latency Infernece ms p(90)": 795.8456906,
  "Latency Infernece ms p(95)": 817.2426916000001,
  "Latency Infernece ms avg": 692.9023058,
  "Latency Infernece ms min": 44.797132,
  "Queue time ms med": 0.034008000000000004,
  "Queue time ms max": 0.128332,
  "Queue time ms p(90)": 0.056298000000000015,
  "Queue time ms p(95)": 0.07901099999999997,
  "Queue time ms avg": 0.0400220380952381,
  "Queue time ms min": 0.026940000000000002
}