{
  "Host": "sagemaker",
  "Model Id": "meta-llama/Llama-2-7b-hf",
  "Instance": "ml.g5.12xlarge",
  "Tensor parallelism degree": 2,
  "quantization": "none",
  "generated_tokens per request": 50,
  "Do Sample": true,
  "Number of requests": 362,
  "Virtual Users": 10,
  "Thorughput (tokens/second)": 224.9077568347091,
  "Latency (ms/token) avg": 48.104663776243086,
  "Latency (ms/token) min": 26.836341,
  "Latency (ms/token) med": 41.154726,
  "Latency (ms/token) max": 544.664176,
  "Latency (ms/token) p(90)": 53.8509248,
  "Latency (ms/token) p(95)": 64.42609319999997,
  "Latency Request ms p(90)": 2785.5355938000002,
  "Latency Request ms p(95)": 3213.2848089999998,
  "Latency Request ms avg": 2223.133639483425,
  "Latency Request ms min": 254.908098,
  "Latency Request ms med": 2182.978358,
  "Latency Request ms max": 4033.7688719999996,
  "Latency Infernece ms med": 1997.6569624999997,
  "Latency Infernece ms max": 3364.755593,
  "Latency Infernece ms p(90)": 2630.4382887999996,
  "Latency Infernece ms p(95)": 2787.0252147499987,
  "Latency Infernece ms avg": 2053.8317526629835,
  "Latency Infernece ms min": 171.963532,
  "Queue time ms med": 106.9583155,
  "Queue time ms max": 1201.416464,
  "Queue time ms p(90)": 561.5220018000001,
  "Queue time ms p(95)": 676.6862140999998,
  "Queue time ms avg": 168.48990767403313,
  "Queue time ms min": 0.065321
}